880.24,-119
880.29,-119
880.34,-119
880.39,92
880.45,74
880.5,67
880.55,101
880.61,90
880.66,123
880.71,95
880.76,148
880.82,105
880.87,66
880.92,100
880.98,89
881.03,118
881.08,119
881.13,56
881.19,153
881.24,132
881.29,89
881.35,100
881.4,102
881.45,106
881.5,99
881.56,101
881.61,85
881.66,125
881.72,117
881.77,132
881.82,113
881.87,95
881.93,161
881.98,124
882.03,122
882.09,120
882.14,154
882.19,86
882.24,104
882.3,81
882.35,131
882.4,101
882.45,116
882.51,133
882.56,99
882.61,118
882.67,91
882.72,106
882.77,148
882.82,107
882.88,86
882.93,119
882.98,110
883.03,118
883.09,130
883.14,109
883.19,133
883.25,90
883.3,77
883.35,113
883.4,121
883.46,104
883.51,87
883.56,144
883.61,92
883.67,127
883.72,122
883.77,141
883.82,125
883.88,125
883.93,115
883.98,132
884.04,128
884.09,127
884.14,92
884.19,146
884.25,113
884.3,81
884.35,126
884.4,114
884.46,93
884.51,139
884.56,128
884.61,86
884.67,141
884.72,99
884.77,101
884.82,98
884.88,80
884.93,87
884.98,103
885.03,102
885.09,95
885.14,117
885.19,88
885.24,105
885.3,132
885.35,128
885.4,132
885.45,75
885.51,117
885.56,113
885.61,136
885.66,128
885.72,116
885.77,123
885.82,116
885.87,115
885.93,119
885.98,106
886.03,148
886.08,153
886.14,139
886.19,104
886.24,146
886.29,101
886.35,112
886.4,156
886.45,107
886.5,121
886.56,130
886.61,102
886.66,127
886.71,93
886.77,84
886.82,64
886.87,155
886.92,137
886.98,107
887.03,90
887.08,108
887.13,91
887.19,115
887.24,125
887.29,100
887.34,143
887.4,128
887.45,99
887.5,153
887.55,94
887.6,89
887.66,130
887.71,120
887.76,110
887.81,116
887.87,94
887.92,121
887.97,61
888.02,101
888.08,87
888.13,85
888.18,120
888.23,111
888.28,106
888.34,108
888.39,134
888.44,130
888.49,97
888.55,108
888.6,92
888.65,69
888.7,106
888.76,128
888.81,144
888.86,96
888.91,89
888.96,110
889.02,126
889.07,121
889.12,138
889.17,123
889.23,132
889.28,178
889.33,154
889.38,167
889.43,134
889.49,104
889.54,104
889.59,114
889.64,132
889.7,120
889.75,128
889.8,84
889.85,110
889.9,89
889.96,129
890.01,113
890.06,95
890.11,132
890.17,105
890.22,112
890.27,52
890.32,119
890.37,97
890.43,107
890.48,129
890.53,129
890.58,106
890.63,87
890.69,119
890.74,99
890.79,138
890.84,133
890.9,115
890.95,115
891,75
891.05,112
891.1,144
891.16,124
891.21,105
891.26,144
891.31,118
891.36,105
891.42,103
891.47,96
891.52,124
891.57,123
891.62,117
891.68,113
891.73,104
891.78,119
891.83,94
891.88,125
891.94,79
891.99,95
892.04,106
892.09,77
892.14,117
892.2,123
892.25,85
892.3,147
892.35,144
892.41,86
892.46,114
892.51,130
892.56,104
892.61,118
892.66,117
892.72,134
892.77,104
892.82,100
892.87,83
892.92,121
892.98,110
893.03,117
893.08,114
893.13,126
893.18,124
893.24,107
893.29,80
893.34,84
893.39,128
893.44,120
893.5,95
893.55,124
893.6,84
893.65,131
893.7,118
893.76,111
893.81,109
893.86,100
893.91,105
893.96,111
894.02,133
894.07,104
894.12,122
894.17,138
894.22,105
894.27,126
894.33,102
894.38,103
894.43,155
894.48,135
894.53,96
894.59,124
894.64,71
894.69,140
894.74,114
894.79,128
894.84,115
894.9,109
894.95,143
895,102
895.05,132
895.1,115
895.16,117
895.21,132
895.26,90
895.31,85
895.36,116
895.41,100
895.47,128
895.52,104
895.57,116
895.62,93
895.67,93
895.73,120
895.78,114
895.83,129
895.88,55
895.93,93
895.98,129
896.04,108
896.09,78
896.14,96
896.19,115
896.24,126
896.29,102
896.35,112
896.4,131
896.45,103
896.5,71
896.55,139
896.6,110
896.66,102
896.71,123
896.76,89
896.81,108
896.86,106
896.91,119
896.97,35
897.02,89
897.07,129
897.12,92
897.17,111
897.22,116
897.28,122
897.33,81
897.38,149
897.43,112
897.48,88
897.53,115
897.59,105
897.64,136
897.69,121
897.74,103
897.79,138
897.84,98
897.9,78
897.95,108
898,110
898.05,109
898.1,82
898.15,122
898.2,100
898.26,135
898.31,93
898.36,128
898.41,108
898.46,157
898.51,144
898.57,114
898.62,116
898.67,89
898.72,79
898.77,96
898.82,122
898.87,89
898.93,79
898.98,107
899.03,74
899.08,119
899.13,117
899.18,123
899.24,101
899.29,105
899.34,128
899.39,117
899.44,107
899.49,103
899.54,113
899.6,97
899.65,145
899.7,74
899.75,135
899.8,107
899.85,137
899.9,120
899.96,88
900.01,82
900.06,76
900.11,121
900.16,127
900.21,102
900.26,111
900.32,94
900.37,126
900.42,111
900.47,129
900.52,106
900.57,107
900.62,108
900.68,141
900.73,89
900.78,94
900.83,88
900.88,133
900.93,134
900.98,81
901.03,121
901.09,111
901.14,121
901.19,101
901.24,100
901.29,79
901.34,118
901.39,113
901.45,90
901.5,117
901.55,124
901.6,108
901.65,146
901.7,120
901.75,107
901.8,105
901.86,76
901.91,104
901.96,109
902.01,111
902.06,105
902.11,115
902.16,110
902.21,91
902.27,121
902.32,114
902.37,83
902.42,120
902.47,111
902.52,120
902.57,177
902.62,124
902.68,98
902.73,123
902.78,96
902.83,99
902.88,109
902.93,108
902.98,130
903.03,126
903.09,93
903.14,92
903.19,113
903.24,127
903.29,124
903.34,117
903.39,102
903.44,112
903.49,131
903.55,121
903.6,88
903.65,23
903.7,127
903.75,125
903.8,85
903.85,104
903.9,97
903.96,96
904.01,99
904.06,123
904.11,96
904.16,100
904.21,138
904.26,99
904.31,96
904.36,138
904.42,109
904.47,112
904.52,78
904.57,104
904.62,130
904.67,103
904.72,92
904.77,71
904.82,121
904.87,107
904.93,127
904.98,125
905.03,62
905.08,109
905.13,112
905.18,120
905.23,145
905.28,135
905.33,122
905.39,116
905.44,140
905.49,125
905.54,130
905.59,85
905.64,128
905.69,106
905.74,88
905.79,102
905.84,90
905.9,110
905.95,122
906,88
906.05,95
906.1,141
906.15,140
906.2,159
906.25,146
906.3,144
906.35,142
906.4,101
906.46,139
906.51,109
906.56,104
906.61,90
906.66,98
906.71,106
906.76,112
906.81,127
906.86,115
906.91,126
906.96,105
907.02,118
907.07,109
907.12,135
907.17,128
907.22,108
907.27,120
907.32,55
907.37,149
907.42,115
907.47,152
907.52,82
907.58,97
907.63,121
907.68,129
907.73,133
907.78,72
907.83,110
907.88,95
907.93,122
907.98,144
908.03,103
908.08,123
908.13,142
908.19,83
908.24,105
908.29,98
908.34,121
908.39,114
908.44,106
908.49,133
908.54,116
908.59,120
908.64,117
908.69,136
908.74,126
908.79,128
908.85,83
908.9,100
908.95,81
909,96
909.05,127
909.1,143
909.15,108
909.2,116
909.25,121
909.3,117
909.35,131
909.4,93
909.45,118
909.5,135
909.56,112
909.61,108
909.66,131
909.71,143
909.76,112
909.81,85
909.86,99
909.91,88
909.96,127
910.01,132
910.06,114
910.11,96
910.16,125
910.21,87
910.26,83
910.32,98
910.37,114
910.42,62
910.47,113
910.52,129
910.57,94
910.62,120
910.67,102
910.72,86
910.77,66
910.82,111
910.87,118
910.92,89
910.97,129
911.02,121
911.07,128
911.12,84
911.18,116
911.23,77
911.28,120
911.33,144
911.38,114
911.43,98
911.48,98
911.53,115
911.58,100
911.63,109
911.68,100
911.73,93
911.78,123
911.83,120
911.88,129
911.93,116
911.98,97
912.03,92
912.09,112
912.14,87
912.19,131
912.24,121
912.29,116
912.34,83
912.39,99
912.44,124
912.49,72
912.54,75
912.59,93
912.64,92
912.69,134
912.74,126
912.79,119
912.84,108
912.89,106
912.94,130
912.99,106
913.04,120
913.09,137
913.14,93
913.2,133
913.25,82
913.3,111
913.35,130
913.4,110
913.45,99
913.5,111
913.55,113
913.6,97
913.65,145
913.7,108
913.75,103
913.8,126
913.85,99
913.9,138
913.95,128
914,113
914.05,141
914.1,86
914.15,120
914.2,140
914.25,95
914.3,124
914.35,80
914.4,87
914.45,127
914.5,130
914.56,106
914.61,114
914.66,150
914.71,149
914.76,134
914.81,118
914.86,126
914.91,144
914.96,82
915.01,116
915.06,127
915.11,99
915.16,128
915.21,95
915.26,93
915.31,124
915.36,131
915.41,120
915.46,130
915.51,115
915.56,146
915.61,146
915.66,106
915.71,99
915.76,109
915.81,105
915.86,100
915.91,91
915.96,105
916.01,137
916.06,123
916.11,105
916.16,79
916.21,129
916.26,129
916.31,138
916.36,99
916.41,92
916.46,116
916.51,114
916.56,146
916.61,97
916.66,104
916.71,132
916.76,106
916.82,109
916.87,49
916.92,120
916.97,85
917.02,59
917.07,89
917.12,137
917.17,120
917.22,91
917.27,115
917.32,75
917.37,99
917.42,103
917.47,53
917.52,129
917.57,79
917.62,90
917.67,118
917.72,115
917.77,112
917.82,108
917.87,134
917.92,121
917.97,103
918.02,106
918.07,137
918.12,140
918.17,100
918.22,101
918.27,133
918.32,129
918.37,120
918.42,107
918.47,99
918.52,114
918.57,107
918.62,141
918.67,123
918.72,109
918.77,95
918.82,110
918.87,140
918.92,94
918.97,90
919.02,109
919.07,99
919.12,135
919.17,90
919.22,104
919.27,98
919.32,83
919.37,109
919.42,81
919.47,92
919.52,140
919.57,96
919.62,103
919.67,92
919.72,106
919.77,102
919.82,118
919.87,85
919.92,121
919.97,117
920.02,90
920.07,133
920.12,119
920.17,105
920.22,100
920.27,81
920.31,162
920.36,159
920.41,72
920.46,75
920.51,111
920.56,119
920.61,64
920.66,100
920.71,164
920.76,122
920.81,142
920.86,105
920.91,122
920.96,99
921.01,140
921.06,115
921.11,120
921.16,97
921.21,98
921.26,121
921.31,107
921.36,144
921.41,131
921.46,78
921.51,126
921.56,134
921.61,130
921.66,125
921.71,94
921.76,121
921.81,128
921.86,101
921.91,117
921.96,125
922.01,110
922.06,106
922.11,142
922.16,87
922.21,108
922.26,106
922.31,93
922.36,119
922.41,119
922.46,122
922.5,111
922.55,96
922.6,141
922.65,89
922.7,107
922.75,119
922.8,79
922.85,105
922.9,124
922.95,88
923,116
923.05,113
923.1,141
923.15,100
923.2,89
923.25,118
923.3,97
923.35,85
923.4,93
923.45,133
923.5,133
923.55,112
923.6,120
923.65,132
923.7,92
923.75,126
923.8,66
923.85,127
923.89,77
923.94,118
923.99,131
924.04,110
924.09,109
924.14,108
924.19,73
924.24,124
924.29,93
924.34,130
924.39,121
924.44,71
924.49,83
924.54,106
924.59,125
924.64,74
924.69,70
924.74,106
924.79,121
924.84,103
924.89,120
924.94,92
924.98,118
925.03,101
925.08,138
925.13,83
925.18,119
925.23,123
925.28,86
925.33,92
925.38,136
925.43,97
925.48,109
925.53,116
925.58,116
925.63,93
925.68,147
925.73,125
925.78,111
925.83,85
925.87,81
925.92,95
925.97,103
926.02,108
926.07,148
926.12,124
926.17,69
926.22,104
926.27,125
926.32,111
926.37,74
926.42,92
926.47,119
926.52,73
926.57,141
926.62,135
926.67,114
926.71,91
926.76,102
926.81,119
926.86,125
926.91,96
926.96,100
927.01,74
927.06,106
927.11,117
927.16,135
927.21,98
927.26,87
927.31,120
927.36,93
927.41,117
927.45,105
927.5,111
927.55,108
927.6,98
927.65,101
927.7,116
927.75,108
927.8,111
927.85,119
927.9,121
927.95,100
928,102
928.05,145
928.09,99
928.14,125
928.19,116
928.24,99
928.29,95
928.34,132
928.39,89
928.44,131
928.49,117
928.54,110
928.59,111
928.64,137
928.69,114
928.73,121
928.78,87
928.83,104
928.88,60
928.93,94
928.98,115
929.03,117
929.08,105
929.13,84
929.18,126
929.23,120
929.28,113
929.32,96
929.37,94
929.42,97
929.47,122
929.52,121
929.57,88
929.62,130
929.67,120
929.72,96
929.77,128
929.82,92
929.87,126
929.91,114
929.96,92
930.01,128
930.06,64
930.11,161
930.16,90
930.21,136
930.26,96
930.31,114
930.36,99
930.41,108
930.45,102
930.5,106
930.55,132
930.6,112
930.65,122
930.7,127
930.75,105
930.8,91
930.85,94
930.9,131
930.94,122
930.99,88
931.04,111
931.09,113
931.14,123
931.19,115
931.24,105
931.29,106
931.34,89
931.39,138
931.43,133
931.48,111
931.53,79
931.58,129
931.63,120
931.68,98
931.73,127
931.78,114
931.83,61
931.88,115
931.92,145
931.97,113
932.02,74
932.07,115
932.12,93
932.17,150
932.22,95
932.27,102
932.32,100
932.36,51
932.41,87
932.46,124
932.51,104
932.56,107
932.61,75
932.66,157
932.71,114
932.76,124
932.8,105
932.85,122
932.9,108
932.95,157
933,131
933.05,75
933.1,122
933.15,98
933.2,115
933.24,113
933.29,119
933.34,121
933.39,109
933.44,112
933.49,100
933.54,101
933.59,87
933.64,116
933.68,104
933.73,145
933.78,81
933.83,142
933.88,122
933.93,84
933.98,134
934.03,143
934.07,101
934.12,84
934.17,144
934.22,122
934.27,132
934.32,73
934.37,130
934.42,135
934.46,96
934.51,150
934.56,116
934.61,126
934.66,115
934.71,133
934.76,115
934.81,106
934.85,125
934.9,114
934.95,147
935,125
935.05,101
935.1,100
935.15,107
935.19,79
935.24,90
935.29,71
935.34,104
935.39,110
935.44,125
935.49,117
935.54,125
935.58,169
935.63,151
935.68,135
935.73,110
935.78,119
935.83,80
935.88,119
935.92,121
935.97,107
936.02,116
936.07,111
936.12,110
936.17,123
936.22,66
936.26,87
936.31,175
936.36,136
936.41,92
936.46,107
936.51,114
936.56,149
936.61,83
936.65,127
936.7,148
936.75,117
936.8,97
936.85,118
936.9,95
936.94,121
936.99,88
937.04,134
937.09,133
937.14,73
937.19,98
937.24,132
937.28,96
937.33,95
937.38,96
937.43,118
937.48,126
937.53,71
937.58,137
937.62,94
937.67,132
937.72,93
937.77,85
937.82,170
937.87,87
937.91,87
937.96,76
938.01,115
938.06,117
938.11,108
938.16,108
938.21,88
938.25,133
938.3,113
938.35,120
938.4,101
938.45,143
938.5,140
938.54,83
938.59,130
938.64,77
938.69,131
938.74,102
938.79,97
938.84,93
938.88,112
938.93,93
938.98,118
939.03,129
939.08,105
939.13,151
939.17,102
939.22,126
939.27,85
939.32,100
939.37,78
939.42,123
939.46,97
939.51,111
939.56,117
939.61,73
939.66,70
939.71,108
939.75,79
939.8,81
939.85,135
939.9,100
939.95,105
940,111
940.04,128
940.09,110
940.14,101
940.19,126
940.24,112
940.28,115
940.33,81
940.38,131
940.43,112
940.48,112
940.53,121
940.57,82
940.62,114
940.67,59
940.72,132
940.77,102
940.82,106
940.86,124
940.91,68
940.96,92
941.01,110
941.06,117
941.11,124
941.15,90
941.2,118
941.25,106
941.3,124
941.35,132
941.39,121
941.44,102
941.49,131
941.54,136
941.59,133
941.64,147
941.68,119
941.73,91
941.78,88
941.83,100
941.88,70
941.92,127
941.97,103
942.02,163
942.07,78
942.12,129
942.16,97
942.21,134
942.26,109
942.31,74
942.36,146
942.41,118
942.45,139
942.5,98
942.55,77
942.6,129
942.65,88
942.69,95
942.74,109
942.79,117
942.84,135
942.89,121
942.93,110
942.98,133
943.03,111
943.08,97
943.13,79
943.17,125
943.22,130
943.27,105
943.32,94
943.37,96
943.41,149
943.46,131
943.51,77
943.56,104
943.61,136
943.65,149
943.7,107
943.75,117
943.8,106
943.85,71
943.89,101
943.94,114
943.99,107
944.04,102
944.09,100
944.13,132
944.18,122
944.23,129
944.28,141
944.33,126
944.37,118
944.42,95
944.47,88
944.52,140
944.57,82
944.61,83
944.66,128
944.71,132
944.76,128
944.81,142
944.85,143
944.9,115
944.95,128
945,188
945.04,148
945.09,115
945.14,72
945.19,142
945.24,114
945.28,141
945.33,144
945.38,85
945.43,118
945.48,123
945.52,100
945.57,124
945.62,125
945.67,96
945.71,114
945.76,108
945.81,92
945.86,118
945.91,104
945.95,70
946,134
946.05,149
946.1,120
946.15,121
946.19,118
946.24,95
946.29,114
946.34,147
946.38,133
946.43,82
946.48,118
946.53,108
946.58,121
946.62,126
946.67,114
946.72,119
946.77,100
946.81,82
946.86,90
946.91,131
946.96,141
947,126
947.05,116
947.1,91
947.15,134
947.2,111
947.24,109
947.29,118
947.34,78
947.39,101
947.43,145
947.48,99
947.53,84
947.58,94
947.62,121
947.67,26
947.72,129
947.77,115
947.82,116
947.86,75
947.91,136
947.96,118
948.01,67
948.05,171
948.1,141
948.15,124
948.2,106
948.24,125
948.29,76
948.34,114
948.39,116
948.43,115
948.48,106
948.53,92
948.58,118
948.63,80
948.67,140
948.72,110
948.77,118
948.82,44
948.86,82
948.91,129
948.96,108
949.01,105
949.05,137
949.1,114
949.15,92
949.2,132
949.24,113
949.29,132
949.34,124
949.39,103
949.43,118
949.48,122
949.53,123
949.58,80
949.62,105
949.67,73
949.72,94
949.77,115
949.81,93
949.86,124
949.91,82
949.96,100
950,114
950.05,97
950.1,138
950.15,100
950.19,98
950.24,117
950.29,95
950.34,125
950.38,134
950.43,102
950.48,118
950.53,83
950.57,114
950.62,127
950.67,135
950.72,107
950.76,68
950.81,113
950.86,114
950.91,125
950.95,146
951,87
951.05,96
951.09,91
951.14,132
951.19,77
951.24,103
951.28,140
951.33,68
951.38,119
951.43,120
951.47,143
951.52,114
951.57,104
951.62,124
951.66,109
951.71,89
951.76,76
951.81,130
951.85,100
951.9,79
951.95,107
951.99,97
952.04,119
952.09,104
952.14,116
952.18,133
952.23,128
952.28,112
952.33,145
952.37,76
952.42,92
952.47,113
952.51,113
952.56,117
952.61,116
952.66,102
952.7,82
952.75,110
952.8,101
952.85,113
952.89,117
952.94,109
952.99,131
953.03,137
953.08,130
953.13,115
953.18,128
953.22,110
953.27,98
953.32,104
953.37,123
953.41,103
953.46,87
953.51,109
953.55,163
953.6,95
953.65,144
953.7,81
953.74,130
953.79,110
953.84,117
953.88,108
953.93,111
953.98,57
954.03,108
954.07,134
954.12,79
954.17,117
954.21,96
954.26,88
954.31,126
954.36,100
954.4,134
954.45,112
954.5,99
954.54,113
954.59,99
954.64,120
954.69,69
954.73,117
954.78,53
954.83,87
954.87,105
954.92,102
954.97,80
955.01,98
955.06,105
955.11,98
955.16,129
955.2,89
955.25,133
955.3,109
955.34,131
955.39,154
955.44,124
955.49,135
955.53,111
955.58,100
955.63,100
955.67,124
955.72,92
955.77,129
955.81,125
955.86,141
955.91,131
955.96,69
956,116
956.05,135
956.1,139
956.14,114
956.19,135
956.24,130
956.28,120
956.33,93
956.38,104
956.43,85
956.47,105
956.52,123
956.57,122
956.61,101
956.66,115
956.71,93
956.75,134
956.8,98
956.85,99
956.89,98
956.94,84
956.99,109
957.04,120
957.08,107
957.13,70
957.18,83
957.22,110
957.27,128
957.32,111
957.36,107
957.41,84
957.46,97
957.5,86
957.55,51
957.6,82
957.64,138
957.69,148
957.74,148
957.78,97
957.83,161
957.88,106
957.93,103
957.97,116
958.02,85
958.07,95
958.11,120
958.16,120
958.21,122
958.25,115
958.3,96
958.35,106
958.39,102
958.44,104
958.49,149
958.53,122
958.58,108
958.63,99
958.67,123
958.72,95
958.77,84
958.81,93
958.86,134
958.91,103
958.95,104
959,93
959.05,135
959.09,100
959.14,135
959.19,114
959.23,94
959.28,138
959.33,92
959.38,119
959.42,135
959.47,111
959.52,96
959.56,118
959.61,112
959.66,83
959.7,89
959.75,96
959.8,79
959.84,112
959.89,113
959.94,97
959.98,125
960.03,94
960.08,135
960.12,98
960.17,113
960.22,104
960.26,146
960.31,152
960.35,95
960.4,119
960.45,125
960.49,123
960.54,78
960.59,100
960.63,138
960.68,112
960.73,109
960.77,107
960.82,88
960.87,110
960.91,69
960.96,124
961.01,101
961.05,52
961.1,83
961.15,112
961.19,141
961.24,106
961.29,146
961.33,95
961.38,118
961.43,124
961.47,100
961.52,115
961.57,118
961.61,78
961.66,100
961.71,116
961.75,137
961.8,108
961.84,94
961.89,84
961.94,108
961.98,119
962.03,141
962.08,109
962.12,108
962.17,115
962.22,106
962.26,137
962.31,57
962.36,136
962.4,140
962.45,86
962.5,76
962.54,133
962.59,79
962.63,111
962.68,96
962.73,105
962.77,101
962.82,104
962.87,123
962.91,132
962.96,108
963.01,109
963.05,109
963.1,102
963.15,134
963.19,74
963.24,108
963.28,113
963.33,145
963.38,117
963.42,97
963.47,101
963.52,110
963.56,110
963.61,128
963.66,101
963.7,127
963.75,124
963.79,90
963.84,106
963.89,128
963.93,118
963.98,117
964.03,118
964.07,109
964.12,140
964.16,113
964.21,100
964.26,101
964.3,159
964.35,149
964.4,103
964.44,92
964.49,127
964.54,58
964.58,100
964.63,107
964.67,84
964.72,109
964.77,145
964.81,115
964.86,93
964.91,113
964.95,85
965,116
965.04,125
965.09,147
965.14,114
965.18,102
965.23,116
965.27,92
965.32,109
965.37,113
965.41,119
965.46,128
965.51,109
965.55,113
965.6,102
965.64,91
965.69,85
965.74,95
965.78,127
965.83,103
965.88,104
965.92,97
965.97,108
966.01,126
966.06,121
966.11,113
966.15,111
966.2,88
966.24,121
966.29,141
966.34,107
966.38,112
966.43,77
966.47,150
966.52,119
966.57,79
966.61,135
966.66,127
966.71,82
966.75,114
966.8,138
966.84,117
966.89,92
966.94,73
966.98,110
967.03,124
967.07,132
967.12,132
967.17,110
967.21,112
967.26,80
967.3,94
967.35,92
967.4,133
967.44,125
967.49,153
967.53,125
967.58,136
967.63,145
967.67,98
967.72,108
967.76,114
967.81,110
967.86,79
967.9,59
967.95,73
967.99,119
968.04,96
968.09,149
968.13,131
968.18,128
968.22,126
968.27,107
968.32,137
968.36,120
968.41,88
968.45,159
968.5,116
968.55,109
968.59,70
968.64,82
968.68,85
968.73,100
968.78,130
968.82,125
968.87,137
968.91,104
968.96,130
969,120
969.05,98
969.1,110
969.14,114
969.19,81
969.23,126
969.28,106
969.33,99
969.37,104
969.42,123
969.46,147
969.51,110
969.56,148
969.6,106
969.65,122
969.69,140
969.74,123
969.78,106
969.83,139
969.88,126
969.92,137
969.97,130
970.01,111
970.06,74
970.11,149
970.15,75
970.2,116
970.24,103
970.29,104
970.33,87
970.38,151
970.43,112
970.47,101
970.52,90
970.56,123
970.61,99
970.65,127
970.7,118
970.75,143
970.79,112
970.84,111
970.88,124
970.93,76
970.97,97
971.02,120
971.07,125
971.11,144
971.16,82
971.2,100
971.25,104
971.29,100
971.34,102
971.39,120
971.43,95
971.48,138
971.52,144
971.57,87
971.61,86
971.66,101
971.71,118
971.75,129
971.8,117
971.84,112
971.89,96
971.93,96
971.98,168
972.03,126
972.07,150
972.12,121
972.16,122
972.21,131
972.25,93
972.3,100
972.34,126
972.39,116
972.44,111
972.48,91
972.53,144
972.57,123
972.62,106
972.66,109
972.71,123
972.75,100
972.8,94
972.85,127
972.89,115
972.94,95
972.98,135
973.03,107
973.07,91
973.12,130
973.16,95
973.21,133
973.26,108
973.3,146
973.35,129
973.39,151
973.44,103
973.48,108
973.53,117
973.57,111
973.62,93
973.67,126
973.71,118
973.76,131
973.8,119
973.85,139
973.89,128
973.94,121
973.98,163
974.03,114
974.07,151
974.12,105
974.17,103
974.21,85
974.26,118
974.3,126
974.35,98
974.39,76
974.44,90
974.48,83
974.53,124
974.57,121
974.62,131
974.67,112
974.71,124
974.76,97
974.8,59
974.85,109
974.89,105
974.94,124
974.98,136
975.03,110
975.07,129
975.12,145
975.16,66
975.21,122
975.26,124
975.3,113
975.35,89
975.39,117
975.44,141
975.48,109
975.53,118
975.57,114
975.62,121
975.66,107
975.71,115
975.75,111
975.8,77
975.84,125
975.89,111
975.94,113
975.98,129
976.03,108
976.07,103
976.12,134
976.16,119
976.21,95
976.25,120
976.3,72
976.34,88
976.39,122
976.43,122
976.48,147
976.52,138
976.57,145
976.61,118
976.66,124
976.7,103
976.75,122
976.8,144
976.84,103
976.89,138
976.93,117
976.98,102
977.02,127
977.07,75
977.11,111
977.16,92
977.2,120
977.25,114
977.29,99
977.34,170
977.38,117
977.43,102
977.47,76
977.52,88
977.56,111
977.61,139
977.65,144
977.7,116
977.74,91
977.79,127
977.83,145
977.88,130
977.92,111
977.97,116
978.01,113
978.06,93
978.11,101
978.15,117
978.2,116
978.24,96
978.29,106
978.33,138
978.38,101
978.42,112
978.47,120
978.51,103
978.56,133
978.6,128
978.65,95
978.69,110
978.74,79
978.78,113
978.83,109
978.87,158
978.92,129
978.96,103
979.01,117
979.05,101
979.1,129
979.14,112
979.19,109
979.23,101
979.28,82
979.32,139
979.37,134
979.41,124
979.46,82
979.5,141
979.55,115
979.59,107
979.64,114
979.68,95
979.73,138
979.77,137
979.82,91
979.86,124
979.91,151
979.95,73
980,111
980.04,109
980.09,127
980.13,124
980.18,105
980.22,116
980.27,98
980.31,82
980.36,109
980.4,85
980.45,100
980.49,94
980.54,100
980.58,117
980.63,101
980.67,107
980.71,110
980.76,123
980.8,162
980.85,118
980.89,94
980.94,95
980.98,120
981.03,106
981.07,102
981.12,112
981.16,88
981.21,103
981.25,112
981.3,71
981.34,62
981.39,124
981.43,94
981.48,142
981.52,91
981.57,120
981.61,114
981.66,128
981.7,107
981.75,106
981.79,125
981.84,108
981.88,84
981.93,155
981.97,131
982.01,129
982.06,130
982.1,85
982.15,95
982.19,105
982.24,106
982.28,72
982.33,76
982.37,75
982.42,108
982.46,55
982.51,82
982.55,151
982.6,134
982.64,120
982.69,120
982.73,75
982.78,101
982.82,117
982.86,124
982.91,109
982.95,112
983,112
983.04,104
983.09,106
983.13,101
983.18,114
983.22,136
983.27,68
983.31,122
983.36,139
983.4,140
983.45,112
983.49,96
983.53,141
983.58,141
983.62,97
983.67,100
983.71,126
983.76,77
983.8,123
983.85,112
983.89,108
983.94,83
983.98,96
984.03,139
984.07,91
984.11,118
984.16,112
984.2,114
984.25,108
984.29,113
984.34,140
984.38,124
984.43,115
984.47,128
984.52,112
984.56,101
984.61,127
984.65,96
984.69,152
984.74,111
984.78,118
984.83,99
984.87,133
984.92,95
984.96,133
985.01,134
985.05,111
985.09,124
985.14,78
985.18,137
985.23,119
985.27,125
985.32,111
985.36,115
985.41,114
985.45,93
985.5,117
985.54,114
985.58,83
985.63,128
985.67,92
985.72,87
985.76,152
985.81,85
985.85,80
985.9,112
985.94,98
985.98,105
986.03,90
986.07,131
986.12,89
986.16,113
986.21,158
986.25,86
986.29,103
986.34,133
986.38,136
986.43,92
986.47,78
986.52,84
986.56,81
986.61,79
986.65,71
986.69,114
986.74,134
986.78,156
986.83,80
986.87,105
986.92,81
986.96,104
987,102
987.05,61
987.09,106
987.14,112
987.18,121
987.23,120
987.27,142
987.32,95
987.36,104
987.4,94
987.45,101
987.49,99
987.54,91
987.58,123
987.63,97
987.67,123
987.71,111
987.76,128
987.8,117
987.85,85
987.89,64
987.93,99
987.98,45
988.02,95
988.07,100
988.11,118
988.16,124
988.2,77
988.24,124
988.29,116
988.33,72
988.38,114
988.42,70
988.47,105
988.51,99
988.55,82
988.6,98
988.64,81
988.69,82
988.73,143
988.78,97
988.82,115
988.86,142
988.91,122
988.95,115
989,142
989.04,108
989.08,128
989.13,118
989.17,104
989.22,107
989.26,117
989.3,121
989.35,144
989.39,94
989.44,108
989.48,127
989.53,134
989.57,93
989.61,116
989.66,122
989.7,76
989.75,127
989.79,125
989.83,83
989.88,135
989.92,109
989.97,123
990.01,64
990.05,122
990.1,93
990.14,95
990.19,152
990.23,107
990.27,136
990.32,83
990.36,116
990.41,92
990.45,88
990.5,91
990.54,98
990.58,155
990.63,139
990.67,116
990.72,115
990.76,128
990.8,108
990.85,106
990.89,104
990.94,73
990.98,131
991.02,95
991.07,109
991.11,179
991.15,134
991.2,101
991.24,98
991.29,92
991.33,99
991.37,75
991.42,109
991.46,138
991.51,147
991.55,148
991.59,93
991.64,107
991.68,130
991.73,108
991.77,103
991.81,73
991.86,115
991.9,124
991.95,104
991.99,138
992.03,119
992.08,106
992.12,60
992.17,101
992.21,103
992.25,96
992.3,76
992.34,140
992.38,133
992.43,79
992.47,148
992.52,132
992.56,114
992.6,81
992.65,111
992.69,104
992.74,129
992.78,95
992.82,68
992.87,103
992.91,127
992.95,100
993,142
993.04,102
993.09,116
993.13,108
993.17,131
993.22,137
993.26,124
993.3,119
993.35,92
993.39,109
993.44,129
993.48,105
993.52,139
993.57,139
993.61,58
993.65,94
993.7,109
993.74,153
993.79,95
993.83,128
993.87,137
993.92,96
993.96,113
994,111
994.05,122
994.09,85
994.14,128
994.18,123
994.22,106
994.27,100
994.31,113
994.35,102
994.4,125
994.44,78
994.49,104
994.53,99
994.57,97
994.62,126
994.66,146
994.7,105
994.75,130
994.79,129
994.83,105
994.88,101
994.92,144
994.97,89
995.01,110
995.05,111
995.1,101
995.14,115
995.18,145
995.23,100
995.27,108
995.31,123
995.36,115
995.4,94
995.44,80
995.49,130
995.53,124
995.58,82
995.62,138
995.66,138
995.71,80
995.75,146
995.79,91
995.84,123
995.88,125
995.92,110
995.97,94
996.01,128
996.05,127
996.1,94
996.14,75
996.19,84
996.23,87
996.27,94
996.32,74
996.36,120
996.4,144
996.45,118
996.49,65
996.53,88
996.58,92
996.62,113
996.66,112
996.71,102
996.75,111
996.79,91
996.84,92
996.88,73
996.92,117
996.97,93
997.01,105
997.05,114
997.1,109
997.14,44
997.19,137
997.23,87
997.27,132
997.32,105
997.36,114
997.4,108
997.45,112
997.49,107
997.53,121
997.58,108
997.62,125
997.66,147
997.71,101
997.75,78
997.79,116
997.84,127
997.88,136
997.92,165
997.97,82
998.01,119
998.05,109
998.1,110
998.14,122
998.18,112
998.23,126
998.27,88
998.31,71
998.36,124
998.4,91
998.44,137
998.49,127
998.53,102
998.57,111
998.62,93
998.66,121
998.7,75
998.75,127
998.79,132
998.83,72
998.88,131
998.92,112
998.96,108
999.01,124
999.05,94
999.09,113
999.14,109
999.18,130
999.22,127
999.27,93
999.31,101
999.35,123
999.39,116
999.44,96
999.48,86
999.52,96
999.57,114
999.61,103
999.65,95
999.7,132
999.74,88
999.78,112
999.83,99
999.87,88
999.91,111
999.96,123
1000,124
1000.04,123
1000.09,84
1000.13,102
1000.17,88
1000.22,121
1000.26,94
1000.3,84
1000.35,80
1000.39,129
1000.43,139
1000.47,112
1000.52,122
1000.56,96
1000.6,108
1000.65,71
1000.69,118
1000.73,103
1000.78,114
1000.82,119
1000.86,98
1000.91,115
1000.95,129
1000.99,107
1001.03,139
1001.08,110
1001.12,119
1001.16,113
1001.21,113
1001.25,137
1001.29,90
1001.34,109
1001.38,98
1001.42,120
1001.47,99
1001.51,117
1001.55,139
1001.59,102
1001.64,139
1001.68,111
1001.72,109
1001.77,103
1001.81,123
1001.85,153
1001.9,107
1001.94,127
1001.98,102
1002.02,82
1002.07,142
1002.11,102
1002.15,118
1002.2,168
1002.24,110
1002.28,89
1002.33,86
1002.37,106
1002.41,88
1002.45,97
1002.5,68
1002.54,101
1002.58,106
1002.63,91
1002.67,126
1002.71,132
1002.76,128
1002.8,117
1002.84,88
1002.88,133
1002.93,121
1002.97,112
1003.01,97
1003.06,72
1003.1,108
1003.14,157
1003.18,118
1003.23,161
1003.27,141
1003.31,140
1003.36,91
1003.4,108
1003.44,102
1003.48,84
1003.53,106
1003.57,124
1003.61,145
1003.66,119
1003.7,135
1003.74,115
1003.78,117
1003.83,105
1003.87,102
1003.91,81
1003.96,105
1004,80
1004.04,128
1004.08,112
1004.13,101
1004.17,113
1004.21,90
1004.25,123
1004.3,68
1004.34,115
1004.38,107
1004.43,92
1004.47,133
1004.51,92
1004.55,104
1004.6,122
1004.64,94
1004.68,144
1004.73,132
1004.77,72
1004.81,104
1004.85,97
1004.9,125
1004.94,101
1004.98,78
1005.02,131
1005.07,92
1005.11,117
1005.15,110
1005.2,127
1005.24,84
1005.28,112
1005.32,80
1005.37,129
1005.41,116
1005.45,100
1005.49,113
1005.54,113
1005.58,90
1005.62,111
1005.66,102
1005.71,72
1005.75,130
1005.79,114
1005.84,124
1005.88,149
1005.92,101
1005.96,119
1006.01,111
1006.05,81
1006.09,102
1006.13,105
1006.18,96
1006.22,108
1006.26,121
1006.3,119
1006.35,79
1006.39,107
1006.43,127
1006.47,127
1006.52,89
1006.56,79
1006.6,159
1006.65,129
1006.69,80
1006.73,136
1006.77,130
1006.82,114
1006.86,137
1006.9,136
1006.94,100
1006.99,114
1007.03,101
1007.07,103
1007.11,145
1007.16,110
1007.2,90
1007.24,136
1007.28,94
1007.33,151
1007.37,92
1007.41,111
1007.45,124
1007.5,111
1007.54,128
1007.58,136
1007.62,119
1007.67,88
1007.71,128
1007.75,105
1007.79,119
1007.84,110
1007.88,103
1007.92,47
1007.96,129
1008.01,148
1008.05,73
1008.09,103
1008.13,121
1008.17,149
1008.22,100
1008.26,120
1008.3,116
1008.34,95
1008.39,102
1008.43,73
1008.47,108
1008.51,104
1008.56,121
1008.6,107
1008.64,131
1008.68,113
1008.73,104
1008.77,99
1008.81,59
1008.85,123
1008.9,92
1008.94,80
1008.98,103
1009.02,100
1009.07,91
1009.11,109
1009.15,97
1009.19,114
1009.23,107
1009.28,126
1009.32,114
1009.36,111
1009.4,87
1009.45,145
1009.49,121
1009.53,123
1009.57,121
1009.62,105
1009.66,110
1009.7,109
1009.74,102
1009.78,181
1009.83,94
1009.87,78
1009.91,66
1009.95,122
1010,129
1010.04,125
1010.08,90
1010.12,93
1010.16,90
1010.21,123
1010.25,76
1010.29,126
1010.33,86
1010.38,133
1010.42,95
1010.46,95
1010.5,101
1010.54,116
1010.59,128
1010.63,97
1010.67,88
1010.71,109
1010.76,96
1010.8,128
1010.84,119
1010.88,123
1010.92,125
1010.97,105
1011.01,118
1011.05,147
1011.09,118
1011.14,155
1011.18,159
1011.22,108
1011.26,111
1011.3,86
1011.35,152
1011.39,71
1011.43,83
1011.47,135
1011.51,117
1011.56,115
1011.6,122
1011.64,125
1011.68,121
1011.73,158
1011.77,113
1011.81,107
1011.85,77
1011.89,98
1011.94,125
1011.98,141
1012.02,108
1012.06,79
1012.1,90
1012.15,126
1012.19,121
1012.23,138
1012.27,105
1012.31,129
1012.36,133
1012.4,63
1012.44,90
1012.48,114
1012.52,119
1012.57,104
1012.61,110
1012.65,110
1012.69,103
1012.73,76
1012.78,90
1012.82,104
1012.86,132
1012.9,112
1012.94,110
1012.99,101
1013.03,114
1013.07,52
1013.11,157
1013.15,91
1013.2,136
1013.24,133
1013.28,136
1013.32,119
1013.36,144
1013.41,138
1013.45,77
1013.49,161
1013.53,94
1013.57,150
1013.62,137
1013.66,65
1013.7,88
1013.74,144
1013.78,154
1013.83,82
1013.87,92
1013.91,87
1013.95,123
1013.99,110
1014.03,111
1014.08,149
1014.12,117
1014.16,134
1014.2,142
1014.24,136
1014.29,108
1014.33,122
1014.37,71
1014.41,28
1014.45,133
1014.5,95
1014.54,90
1014.58,96
1014.62,119
1014.66,114
1014.7,131
1014.75,134
1014.79,117
1014.83,117
1014.87,104
1014.91,81
1014.96,99
1015,110
1015.04,113
1015.08,122
1015.12,107
1015.16,102
1015.21,89
1015.25,102
1015.29,142
1015.33,74
1015.37,83
1015.42,125
1015.46,165
1015.5,103
1015.54,124
1015.58,127
1015.62,97
1015.67,152
1015.71,93
1015.75,107
1015.79,124
1015.83,120
1015.87,97
1015.92,120
1015.96,108
1016,141
1016.04,98
1016.08,88
1016.12,151
1016.17,121
1016.21,72
1016.25,108
1016.29,89
1016.33,115
1016.37,102
1016.42,119
1016.46,101
1016.5,70
1016.54,128
1016.58,152
1016.62,102
1016.67,109
1016.71,87
1016.75,104
1016.79,119
1016.83,83
1016.87,148
1016.92,135
1016.96,130
1017,120
1017.04,100
1017.08,170
1017.12,132
1017.17,108
1017.21,127
1017.25,137
1017.29,143
1017.33,141
1017.37,77
1017.41,109
1017.46,84
1017.5,117
1017.54,117
1017.58,106
1017.62,132
1017.66,123
1017.71,103
1017.75,100
1017.79,103
1017.83,93
1017.87,82
1017.91,113
1017.96,107
1018,139
1018.04,129
1018.08,109
1018.12,82
1018.16,125
1018.2,105
1018.25,123
1018.29,79
1018.33,93
1018.37,120
1018.41,87
1018.45,103
1018.49,158
1018.54,116
1018.58,58
1018.62,105
1018.66,133
1018.7,147
1018.74,137
1018.78,107
1018.83,98
1018.87,75
1018.91,123
1018.95,131
1018.99,131
1019.03,126
1019.07,116
1019.12,93
1019.16,152
1019.2,93
1019.24,108
1019.28,100
1019.32,103
1019.36,119
1019.41,94
1019.45,106
1019.49,105
1019.53,121
1019.57,106
1019.61,149
1019.65,95
1019.7,103
1019.74,123
1019.78,131
1019.82,108
1019.86,121
1019.9,128
1019.94,118
1019.98,125
1020.03,143
1020.07,109
1020.11,113
1020.15,95
1020.19,119
1020.23,151
1020.27,118
1020.32,81
1020.36,98
1020.4,126
1020.44,49
1020.48,154
1020.52,99
1020.56,130
1020.6,92
1020.65,113
1020.69,95
1020.73,128
1020.77,128
1020.81,135
1020.85,109
1020.89,120
1020.93,104
1020.98,145
1021.02,111
1021.06,132
1021.1,119
1021.14,108
1021.18,95
1021.22,104
1021.26,141
1021.31,73
1021.35,127
1021.39,110
1021.43,122
1021.47,93
1021.51,80
1021.55,152
1021.59,77
1021.63,101
1021.68,145
1021.72,116
1021.76,102
1021.8,100
1021.84,169
1021.88,141
1021.92,116
1021.96,184
1022.01,117
1022.05,153
1022.09,100
1022.13,80
1022.17,99
1022.21,144
1022.25,91
1022.29,81
1022.33,108
1022.38,132
1022.42,89
1022.46,134
1022.5,130
1022.54,142
1022.58,98
1022.62,108
1022.66,115
1022.7,102
1022.75,83
1022.79,124
1022.83,126
1022.87,108
1022.91,121
1022.95,70
1022.99,72
1023.03,98
1023.07,135
1023.11,132
1023.16,133
1023.2,129
1023.24,113
1023.28,106
1023.32,136
1023.36,114
1023.4,102
1023.44,86
1023.48,99
1023.52,136
1023.57,116
1023.61,60
1023.65,118
1023.69,125
1023.73,134
1023.77,117
1023.81,111
1023.85,123
1023.89,94
1023.93,132
1023.98,127
1024.02,113
1024.06,125
1024.1,136
1024.14,142
1024.18,136
1024.22,110
1024.26,135
1024.3,125
1024.34,141
1024.38,121
1024.43,130
1024.47,132
1024.51,125
1024.55,157
1024.59,101
1024.63,104
1024.67,126
1024.71,81
1024.75,77
1024.79,135
1024.83,138
1024.88,162
1024.92,119
1024.96,113
1025,127
1025.04,126
1025.08,139
1025.12,119
1025.16,126
1025.2,137
1025.24,106
1025.28,119
1025.32,137
1025.37,130
1025.41,158
1025.45,108
1025.49,126
1025.53,137
1025.57,161
1025.61,166
1025.65,118
1025.69,141
1025.73,120
1025.77,134
1025.81,141
1025.85,150
1025.9,131
1025.94,114
1025.98,107
1026.02,143
1026.06,120
1026.1,142
1026.14,102
1026.18,124
1026.22,142
1026.26,140
1026.3,104
1026.34,118
1026.38,69
1026.43,132
1026.47,122
1026.51,186
1026.55,135
1026.59,137
1026.63,112
1026.67,96
1026.71,154
1026.75,160
1026.79,129
1026.83,126
1026.87,133
1026.91,162
1026.95,106
1026.99,149
1027.04,118
1027.08,122
1027.12,151
1027.16,137
1027.2,184
1027.24,124
1027.28,145
1027.32,117
1027.36,139
1027.4,153
1027.44,148
1027.48,142
1027.52,123
1027.56,144
1027.6,97
1027.64,154
1027.69,115
1027.73,115
1027.77,158
1027.81,135
1027.85,203
1027.89,164
1027.93,155
1027.97,153
1028.01,161
1028.05,158
1028.09,191
1028.13,197
1028.17,212
1028.21,162
1028.25,165
1028.29,227
1028.33,196
1028.38,239
1028.42,249
1028.46,238
1028.5,232
1028.54,264
1028.58,232
1028.62,275
1028.66,301
1028.7,236
1028.74,336
1028.78,296
1028.82,316
1028.86,365
1028.9,325
1028.94,388
1028.98,382
1029.02,453
1029.06,544
1029.1,527
1029.14,617
1029.18,621
1029.23,715
1029.27,772
1029.31,779
1029.35,872
1029.39,846
1029.43,900
1029.47,974
1029.51,1092
1029.55,1099
1029.59,1230
1029.63,1253
1029.67,1475
1029.71,1637
1029.75,1920
1029.79,2171
1029.83,2470
1029.87,2942
1029.91,3333
1029.95,3915
1029.99,4332
1030.03,4832
1030.07,5287
1030.11,5366
1030.15,5784
1030.19,6379
1030.24,6584
1030.28,6621
1030.32,7092
1030.36,7524
1030.4,7412
1030.44,7313
1030.48,7956
1030.52,8787
1030.56,9090
1030.6,9625
1030.64,9380
1030.68,8927
1030.72,10014
1030.76,11079
1030.8,11067
1030.84,10423
1030.88,11713
1030.92,12661
1030.96,11395
1031,10497
1031.04,11321
1031.08,12414
1031.12,11219
1031.16,9478
1031.2,9660
1031.24,9870
1031.28,9047
1031.32,7860
1031.36,7319
1031.4,6723
1031.44,5961
1031.48,5069
1031.52,4530
1031.56,3881
1031.6,3369
1031.65,2784
1031.69,2512
1031.73,2135
1031.77,1813
1031.81,1636
1031.85,1600
1031.89,1449
1031.93,1346
1031.97,996
1032.01,796
1032.05,643
1032.09,517
1032.13,447
1032.17,407
1032.21,337
1032.25,323
1032.29,289
1032.33,273
1032.37,269
1032.41,269
1032.45,274
1032.49,218
1032.53,223
1032.57,216
1032.61,235
1032.65,231
1032.69,201
1032.73,231
1032.77,174
1032.81,224
1032.85,164
1032.89,203
1032.93,207
1032.97,196
1033.01,194
1033.05,206
1033.09,211
1033.13,164
1033.17,187
1033.21,186
1033.25,216
1033.29,169
1033.33,146
1033.37,214
1033.41,111
1033.45,152
1033.49,156
1033.53,152
1033.57,168
1033.61,119
1033.65,121
1033.69,152
1033.73,133
1033.77,156
1033.81,192
1033.85,166
1033.89,142
1033.93,216
1033.97,98
1034.01,198
1034.05,133
1034.09,103
1034.13,151
1034.17,133
1034.21,147
1034.25,125
1034.29,164
1034.33,153
1034.37,138
1034.41,144
1034.45,141
1034.49,136
1034.53,174
1034.57,121
1034.61,162
1034.65,147
1034.69,132
1034.73,150
1034.77,131
1034.81,133
1034.85,150
1034.89,119
1034.93,160
1034.97,137
1035.01,161
1035.05,146
1035.09,130
1035.13,106
1035.17,144
1035.21,186
1035.25,108
1035.29,111
1035.33,142
1035.37,169
1035.41,144
1035.45,156
1035.49,139
1035.53,124
1035.57,122
1035.61,156
1035.65,155
1035.69,148
1035.73,130
1035.77,131
1035.81,129
1035.85,127
1035.89,122
1035.93,153
1035.97,77
1036.01,113
1036.04,134
1036.08,133
1036.12,166
1036.16,132
1036.2,154
1036.24,131
1036.28,143
1036.32,91
1036.36,157
1036.4,142
1036.44,150
1036.48,136
1036.52,139
1036.56,123
1036.6,135
1036.64,118
1036.68,127
1036.72,151
1036.76,132
1036.8,134
1036.84,106
1036.88,119
1036.92,112
1036.96,152
1037,125
1037.04,140
1037.08,125
1037.12,141
1037.16,163
1037.2,121
1037.24,116
1037.28,131
1037.32,111
1037.36,117
1037.4,133
1037.43,113
1037.47,95
1037.51,142
1037.55,113
1037.59,91
1037.63,102
1037.67,145
1037.71,136
1037.75,116
1037.79,88
1037.83,150
1037.87,134
1037.91,72
1037.95,112
1037.99,129
1038.03,151
1038.07,111
1038.11,162
1038.15,101
1038.19,119
1038.23,169
1038.27,131
1038.31,154
1038.35,103
1038.39,124
1038.42,108
1038.46,124
1038.5,92
1038.54,114
1038.58,86
1038.62,164
1038.66,95
1038.7,97
1038.74,84
1038.78,109
1038.82,111
1038.86,131
1038.9,134
1038.94,123
1038.98,117
1039.02,99
1039.06,171
1039.1,126
1039.14,111
1039.18,135
1039.21,176
1039.25,117
1039.29,144
1039.33,150
1039.37,116
1039.41,133
1039.45,115
1039.49,100
1039.53,134
1039.57,135
1039.61,91
1039.65,128
1039.69,115
1039.73,122
1039.77,140
1039.81,127
1039.85,129
1039.89,133
1039.92,126
1039.96,134
1040,152
1040.04,112
1040.08,97
1040.12,136
1040.16,127
1040.2,124
1040.24,137
1040.28,119
1040.32,120
1040.36,122
1040.4,153
1040.44,108
1040.48,129
1040.52,110
1040.55,84
1040.59,136
1040.63,114
1040.67,137
1040.71,134
1040.75,75
1040.79,103
1040.83,109
1040.87,64
1040.91,114
1040.95,129
1040.99,116
1041.03,93
1041.07,86
1041.1,120
1041.14,124
1041.18,108
1041.22,107
1041.26,103
1041.3,107
1041.34,134
1041.38,138
1041.42,110
1041.46,99
1041.5,118
1041.54,118
1041.58,131
1041.62,130
1041.65,117
1041.69,96
1041.73,101
1041.77,146
1041.81,141
1041.85,146
1041.89,115
1041.93,113
1041.97,101
1042.01,109
1042.05,112
1042.09,106
1042.13,118
1042.16,88
1042.2,133
1042.24,83
1042.28,103
1042.32,83
1042.36,120
1042.4,74
1042.44,113
1042.48,101
1042.52,144
1042.56,122
1042.59,107
1042.63,97
1042.67,105
1042.71,181
1042.75,146
1042.79,115
1042.83,106
1042.87,110
1042.91,113
1042.95,137
1042.99,119
1043.03,103
1043.06,104
1043.1,100
1043.14,134
1043.18,103
1043.22,76
1043.26,115
1043.3,128
1043.34,134
1043.38,118
1043.42,121
1043.45,162
1043.49,122
1043.53,120
1043.57,81
1043.61,116
1043.65,122
1043.69,133
1043.73,123
1043.77,135
1043.81,107
1043.85,74
1043.88,133
1043.92,155
1043.96,119
1044,95
1044.04,133
1044.08,125
1044.12,90
1044.16,108
1044.2,133
1044.24,53
1044.27,134
1044.31,118
1044.35,126
1044.39,159
1044.43,131
1044.47,80
1044.51,110
1044.55,153
1044.59,143
1044.62,130
1044.66,127
1044.7,124
1044.74,113
1044.78,143
1044.82,96
1044.86,119
1044.9,120
1044.94,113
1044.97,94
1045.01,155
1045.05,143
1045.09,76
1045.13,121
1045.17,131
1045.21,126
1045.25,111
1045.29,132
1045.32,150
1045.36,112
1045.4,102
1045.44,110
1045.48,140
1045.52,92
1045.56,89
1045.6,135
1045.64,118
1045.67,82
1045.71,139
1045.75,107
1045.79,85
1045.83,128
1045.87,116
1045.91,122
1045.95,164
1045.98,140
1046.02,124
1046.06,110
1046.1,107
1046.14,99
1046.18,103
1046.22,131
1046.26,152
1046.3,99
1046.33,126
1046.37,109
1046.41,112
1046.45,103
1046.49,115
1046.53,125
1046.57,136
1046.61,77
1046.64,115
1046.68,169
1046.72,104
1046.76,127
1046.8,92
1046.84,104
1046.88,121
1046.91,134
1046.95,112
1046.99,103
1047.03,100
1047.07,122
1047.11,141
1047.15,121
1047.19,103
1047.22,74